{"cameraMode":{"drawMode":0,"name":"Shaded","section":"Shading Mode"},"sceneLighting":true,"audioPlay":false,"sceneViewState":{"m_AlwaysRefresh":true,"showFog":true,"showSkybox":true,"showFlares":true,"showImageEffects":true,"showParticleSystems":true,"showVisualEffectGraphs":true,"m_FxEnabled":true},"in2DMode":false,"pivot":{"x":4.037265300750732,"y":12.769623756408692,"z":7.391491889953613},"rotation":{"x":-0.26834923028945925,"y":-0.4020468592643738,"z":0.12450113147497177,"w":-0.8665497303009033},"size":22.641660690307618,"orthographic":false}